Staff_id,Name,Age,Role_Name,Experience_Level
1,John Doe,22,Security,2
2,Jane Smith,30,Stage Manager,4
3,Alex Johnson,25,Sound Engineer,3
4,Emily Davis,28,Lighting Technician,3
5,Michael Brown,35,Vendor Coordinator,5
6,Sarah Wilson,24,First Aid Responder,2
7,David Taylor,40,Ticket Scanner,1
8,Jessica Martinez,27,Artist Liaison,4
9,Daniel Anderson,32,Cleanup Crew,1
10,Lisa Thomas,45,Parking Attendant,3
11,Robert Garcia,29,Security,2
12,Amanda Rodriguez,31,Stage Manager,5
13,James Wilson,26,Sound Engineer,3
14,Patricia Martinez,33,Lighting Technician,4
15,Christopher Anderson,38,Vendor Coordinator,5
16,Jennifer Taylor,23,First Aid Responder,1
17,Matthew Hernandez,39,Ticket Scanner,2
18,Laura Moore,28,Artist Liaison,3
19,Kevin Martin,34,Cleanup Crew,1
20,Nancy Lee,47,Parking Attendant,4
21,Steven White,30,Security,3
22,Angela Harris,25,Stage Manager,4
23,Brian Clark,29,Sound Engineer,2
24,Rebecca Lewis,36,Lighting Technician,5
25,Jason Walker,41,Vendor Coordinator,5
26,Melissa Young,22,First Aid Responder,1
27,Gary Allen,43,Ticket Scanner,2
28,Heather King,27,Artist Liaison,3
29,Scott Wright,32,Cleanup Crew,1
30,Cynthia Scott,48,Parking Attendant,4
31,Eric Green,31,Security,3
32,Michelle Adams,26,Stage Manager,4
33,Mark Baker,30,Sound Engineer,2
34,Tiffany Nelson,37,Lighting Technician,5
35,Paul Carter,42,Vendor Coordinator,5
36,Kimberly Mitchell,23,First Aid Responder,1
37,Andrew Perez,44,Ticket Scanner,2
38,Stephanie Roberts,28,Artist Liaison,3
39,Justin Turner,33,Cleanup Crew,1
40,Deborah Phillips,49,Parking Attendant,4
41,Joshua Campbell,32,Security,3
42,Amy Parker,27,Stage Manager,4
43,Kenneth Evans,31,Sound Engineer,2
44,Brittany Edwards,38,Lighting Technician,5
45,Ronald Collins,43,Vendor Coordinator,5
46,Victoria Stewart,24,First Aid Responder,1
47,Timothy Sanchez,45,Ticket Scanner,2
48,Christina Morris,29,Artist Liaison,3
49,Jeffrey Rogers,34,Cleanup Crew,1
50,Samantha Reed,50,Parking Attendant,4
51,Ryan Cook,33,Security,3
52,Hannah Morgan,28,Stage Manager,4
53,Patrick Bell,32,Sound Engineer,2
54,Olivia Murphy,39,Lighting Technician,5
55,Edward Bailey,44,Vendor Coordinator,5
56,Alexandra Rivera,25,First Aid Responder,1
57,Nicholas Cooper,46,Ticket Scanner,2
58,Erica Richardson,30,Artist Liaison,3
59,Gregory Howard,35,Cleanup Crew,1
60,Rachel Ward,51,Parking Attendant,4
61,Jacob Torres,34,Security,3
62,Danielle Peterson,29,Stage Manager,4
63,Brandon Gray,33,Sound Engineer,2
64,Megan Ramirez,40,Lighting Technician,5
65,Dylan James,45,Vendor Coordinator,5
66,Lauren Watson,26,First Aid Responder,1
67,Nathan Brooks,47,Ticket Scanner,2
68,Amber Kelly,31,Artist Liaison,3
69,Aaron Sanders,36,Cleanup Crew,1
70,Brittney Price,52,Parking Attendant,4
71,Kyle Bennett,35,Security,3
72,Vanessa Wood,30,Stage Manager,4
73,Tyler Barnes,34,Sound Engineer,2
74,Allison Ross,41,Lighting Technician,5
75,Cody Henderson,46,Vendor Coordinator,5
76,Maria Coleman,27,First Aid Responder,1
77,Ethan Jenkins,48,Ticket Scanner,2
78,Julia Perry,32,Artist Liaison,3
79,Zachary Powell,37,Cleanup Crew,1
80,Monica Hughes,53,Parking Attendant,4
81,Austin Flores,36,Security,3
82,Katherine Washington,31,Stage Manager,4
83,Jordan Butler,35,Sound Engineer,2
84,Andrea Simmons,42,Lighting Technician,5
85,Blake Foster,47,Vendor Coordinator,5
86,Nicole Gonzales,28,First Aid Responder,1
87,Cameron Bryant,49,Ticket Scanner,2
88,Kelly Russell,33,Artist Liaison,3
89,Derek Griffin,38,Cleanup Crew,1
90,Tara Diaz,54,Parking Attendant,4
91,Bradley Hayes,37,Security,3
92,Alexis Myers,32,Stage Manager,4
93,Shawn Ford,36,Sound Engineer,2
94,Jasmine Hamilton,43,Lighting Technician,5
95,Travis Graham,48,Vendor Coordinator,5
96,Sara Wallace,29,First Aid Responder,1
97,Corey West,50,Ticket Scanner,2
98,Evelyn Ortiz,34,Artist Liaison,3
99,Philip Gibson,39,Cleanup Crew,1
100,Veronica Murray,55,Parking Attendant,4
